author_id_1,author_id_2,same_author
https://openalex.org/A5000000046,https://openalex.org/A5000009798,1
https://openalex.org/A5000000123,https://openalex.org/A5000012639,1
https://openalex.org/A5000000123,https://openalex.org/A5000016519,1
https://openalex.org/A5000000129,https://openalex.org/A5000006665,1
https://openalex.org/A5000000135,https://openalex.org/A5000017440,1
https://openalex.org/A5000000135,https://openalex.org/A5000020082,1
https://openalex.org/A5000000155,https://openalex.org/A5000002071,1
https://openalex.org/A5000000155,https://openalex.org/A5000004359,1
https://openalex.org/A5000000155,https://openalex.org/A5000004992,1
https://openalex.org/A5000000155,https://openalex.org/A5000005965,1
https://openalex.org/A5000000155,https://openalex.org/A5000013222,1
https://openalex.org/A5000000155,https://openalex.org/A5000016975,1
https://openalex.org/A5000000155,https://openalex.org/A5000019078,1
https://openalex.org/A5000000155,https://openalex.org/A5000027341,1
https://openalex.org/A5000000157,https://openalex.org/A5000012849,1
https://openalex.org/A5000000190,https://openalex.org/A5000004071,1
https://openalex.org/A5000000210,https://openalex.org/A5000001272,1
https://openalex.org/A5000000210,https://openalex.org/A5000006006,1
https://openalex.org/A5000000210,https://openalex.org/A5000023792,1
https://openalex.org/A5000000288,https://openalex.org/A5000026560,1
https://openalex.org/A5000000303,https://openalex.org/A5000014990,1
https://openalex.org/A5000000303,https://openalex.org/A5000016925,1
https://openalex.org/A5000000311,https://openalex.org/A5000001121,1
https://openalex.org/A5000000311,https://openalex.org/A5000009355,1
https://openalex.org/A5000000311,https://openalex.org/A5000024142,1
https://openalex.org/A5000000328,https://openalex.org/A5000005186,1
https://openalex.org/A5000000328,https://openalex.org/A5000021767,1
https://openalex.org/A5000000335,https://openalex.org/A5000015113,1
https://openalex.org/A5000000368,https://openalex.org/A5000006984,1
https://openalex.org/A5000000371,https://openalex.org/A5000003573,1
https://openalex.org/A5000000400,https://openalex.org/A5000026205,1
https://openalex.org/A5000000441,https://openalex.org/A5000008138,1
https://openalex.org/A5000000441,https://openalex.org/A5000010723,1
https://openalex.org/A5000000441,https://openalex.org/A5000017329,1
https://openalex.org/A5000000489,https://openalex.org/A5000020744,1
https://openalex.org/A5000000499,https://openalex.org/A5000001772,1
https://openalex.org/A5000000499,https://openalex.org/A5000017062,1
https://openalex.org/A5000000618,https://openalex.org/A5000013295,1
https://openalex.org/A5000000618,https://openalex.org/A5000017076,1
https://openalex.org/A5000000618,https://openalex.org/A5000021851,1
https://openalex.org/A5000000618,https://openalex.org/A5000022438,1
https://openalex.org/A5000000680,https://openalex.org/A5000022585,1
https://openalex.org/A5000000680,https://openalex.org/A5000023881,1
https://openalex.org/A5000000680,https://openalex.org/A5000025780,1
https://openalex.org/A5000000699,https://openalex.org/A5000026131,1
https://openalex.org/A5000000808,https://openalex.org/A5000021166,1
https://openalex.org/A5000000817,https://openalex.org/A5000025773,1
https://openalex.org/A5000000861,https://openalex.org/A5000002396,1
https://openalex.org/A5000000861,https://openalex.org/A5000004267,1
https://openalex.org/A5000000861,https://openalex.org/A5000009042,1
https://openalex.org/A5000000861,https://openalex.org/A5000013168,1
https://openalex.org/A5000000861,https://openalex.org/A5000017131,1
https://openalex.org/A5000000861,https://openalex.org/A5000020022,1
https://openalex.org/A5000000861,https://openalex.org/A5000023134,1
https://openalex.org/A5000000881,https://openalex.org/A5000017836,1
https://openalex.org/A5000001036,https://openalex.org/A5000010327,1
https://openalex.org/A5000001071,https://openalex.org/A5000009615,1
https://openalex.org/A5000001099,https://openalex.org/A5000004958,1
https://openalex.org/A5000001099,https://openalex.org/A5000013478,1
https://openalex.org/A5000001121,https://openalex.org/A5000003309,1
https://openalex.org/A5000001121,https://openalex.org/A5000005456,1
https://openalex.org/A5000001121,https://openalex.org/A5000005833,1
https://openalex.org/A5000001121,https://openalex.org/A5000011724,1
https://openalex.org/A5000001121,https://openalex.org/A5000012067,1
https://openalex.org/A5000001121,https://openalex.org/A5000014182,1
https://openalex.org/A5000001121,https://openalex.org/A5000024142,1
https://openalex.org/A5000001174,https://openalex.org/A5000011170,1
https://openalex.org/A5000001174,https://openalex.org/A5000021537,1
https://openalex.org/A5000001174,https://openalex.org/A5000027052,1
https://openalex.org/A5000001197,https://openalex.org/A5000017465,1
https://openalex.org/A5000001284,https://openalex.org/A5000001805,1
https://openalex.org/A5000001284,https://openalex.org/A5000025743,1
https://openalex.org/A5000001312,https://openalex.org/A5000005202,1
https://openalex.org/A5000001322,https://openalex.org/A5000020825,1
https://openalex.org/A5000001323,https://openalex.org/A5000004691,1
https://openalex.org/A5000001452,https://openalex.org/A5000004958,1
https://openalex.org/A5000001452,https://openalex.org/A5000012223,1
https://openalex.org/A5000001455,https://openalex.org/A5000008579,1
https://openalex.org/A5000001505,https://openalex.org/A5000017829,1
https://openalex.org/A5000001636,https://openalex.org/A5000026742,1
https://openalex.org/A5000001652,https://openalex.org/A5000004388,1
https://openalex.org/A5000001652,https://openalex.org/A5000008366,1
https://openalex.org/A5000001652,https://openalex.org/A5000014442,1
https://openalex.org/A5000001740,https://openalex.org/A5000004022,1
https://openalex.org/A5000001744,https://openalex.org/A5000004348,1
https://openalex.org/A5000001744,https://openalex.org/A5000016082,1
https://openalex.org/A5000001772,https://openalex.org/A5000023122,1
https://openalex.org/A5000001777,https://openalex.org/A5000005835,1
https://openalex.org/A5000001789,https://openalex.org/A5000004818,1
https://openalex.org/A5000001789,https://openalex.org/A5000015914,1
https://openalex.org/A5000001789,https://openalex.org/A5000020618,1
https://openalex.org/A5000001891,https://openalex.org/A5000011359,1
https://openalex.org/A5000001891,https://openalex.org/A5000025750,1
https://openalex.org/A5000001986,https://openalex.org/A5000021767,1
https://openalex.org/A5000002000,https://openalex.org/A5000004260,1
https://openalex.org/A5000002000,https://openalex.org/A5000005763,1
https://openalex.org/A5000002000,https://openalex.org/A5000011651,1
https://openalex.org/A5000002000,https://openalex.org/A5000023869,1
https://openalex.org/A5000002071,https://openalex.org/A5000004359,1
https://openalex.org/A5000002071,https://openalex.org/A5000004992,1
https://openalex.org/A5000002071,https://openalex.org/A5000005965,1
https://openalex.org/A5000002071,https://openalex.org/A5000013222,1
https://openalex.org/A5000002071,https://openalex.org/A5000016975,1
https://openalex.org/A5000002071,https://openalex.org/A5000019078,1
https://openalex.org/A5000002071,https://openalex.org/A5000027341,1
https://openalex.org/A5000002237,https://openalex.org/A5000021267,1
https://openalex.org/A5000002238,https://openalex.org/A5000008959,1
https://openalex.org/A5000002238,https://openalex.org/A5000016582,1
https://openalex.org/A5000002309,https://openalex.org/A5000023000,1
https://openalex.org/A5000002327,https://openalex.org/A5000009965,1
https://openalex.org/A5000002396,https://openalex.org/A5000004267,1
https://openalex.org/A5000002396,https://openalex.org/A5000009042,1
https://openalex.org/A5000002396,https://openalex.org/A5000013168,1
https://openalex.org/A5000002396,https://openalex.org/A5000017131,1
https://openalex.org/A5000002396,https://openalex.org/A5000020022,1
https://openalex.org/A5000002396,https://openalex.org/A5000023134,1
https://openalex.org/A5000002420,https://openalex.org/A5000004388,1
https://openalex.org/A5000002420,https://openalex.org/A5000013420,1
https://openalex.org/A5000002420,https://openalex.org/A5000017106,1
https://openalex.org/A5000002439,https://openalex.org/A5000009133,1
https://openalex.org/A5000002457,https://openalex.org/A5000025030,1
https://openalex.org/A5000002475,https://openalex.org/A5000007572,1
https://openalex.org/A5000002475,https://openalex.org/A5000007646,1
https://openalex.org/A5000002475,https://openalex.org/A5000007716,1
https://openalex.org/A5000002475,https://openalex.org/A5000010200,1
https://openalex.org/A5000002475,https://openalex.org/A5000016239,1
https://openalex.org/A5000002475,https://openalex.org/A5000017573,1
https://openalex.org/A5000002475,https://openalex.org/A5000019546,1
https://openalex.org/A5000002475,https://openalex.org/A5000023992,1
https://openalex.org/A5000002485,https://openalex.org/A5000004050,1
https://openalex.org/A5000002485,https://openalex.org/A5000015090,1
https://openalex.org/A5000002636,https://openalex.org/A5000003604,1
https://openalex.org/A5000002654,https://openalex.org/A5000004411,1
https://openalex.org/A5000002750,https://openalex.org/A5000015214,1
https://openalex.org/A5000002798,https://openalex.org/A5000015582,1
https://openalex.org/A5000002798,https://openalex.org/A5000024670,1
https://openalex.org/A5000002873,https://openalex.org/A5000004204,1
https://openalex.org/A5000002873,https://openalex.org/A5000010338,1
https://openalex.org/A5000003043,https://openalex.org/A5000017214,1
https://openalex.org/A5000003094,https://openalex.org/A5000020872,1
https://openalex.org/A5000003108,https://openalex.org/A5000012144,1
https://openalex.org/A5000003119,https://openalex.org/A5000004697,1
https://openalex.org/A5000003119,https://openalex.org/A5000016341,1
https://openalex.org/A5000003143,https://openalex.org/A5000022425,1
https://openalex.org/A5000003252,https://openalex.org/A5000004812,1
https://openalex.org/A5000003309,https://openalex.org/A5000005456,1
https://openalex.org/A5000003309,https://openalex.org/A5000010047,1
https://openalex.org/A5000003309,https://openalex.org/A5000012067,1
https://openalex.org/A5000003375,https://openalex.org/A5000007203,1
https://openalex.org/A5000003375,https://openalex.org/A5000010963,1
https://openalex.org/A5000003375,https://openalex.org/A5000022680,1
https://openalex.org/A5000003377,https://openalex.org/A5000027242,1
https://openalex.org/A5000003647,https://openalex.org/A5000008366,1
https://openalex.org/A5000003647,https://openalex.org/A5000016946,1
https://openalex.org/A5000003647,https://openalex.org/A5000024855,1
https://openalex.org/A5000003703,https://openalex.org/A5000022380,1
https://openalex.org/A5000003852,https://openalex.org/A5000024949,1
https://openalex.org/A5000004022,https://openalex.org/A5000006653,1
https://openalex.org/A5000004050,https://openalex.org/A5000015090,1
https://openalex.org/A5000004084,https://openalex.org/A5000017273,1
https://openalex.org/A5000004088,https://openalex.org/A5000006851,1
https://openalex.org/A5000004179,https://openalex.org/A5000004821,1
https://openalex.org/A5000004204,https://openalex.org/A5000010338,1
https://openalex.org/A5000004204,https://openalex.org/A5000022250,1
https://openalex.org/A5000004208,https://openalex.org/A5000005763,1
https://openalex.org/A5000004260,https://openalex.org/A5000005763,1
https://openalex.org/A5000004263,https://openalex.org/A5000004783,1
https://openalex.org/A5000004263,https://openalex.org/A5000013420,1
https://openalex.org/A5000004263,https://openalex.org/A5000017106,1
https://openalex.org/A5000004267,https://openalex.org/A5000005599,1
https://openalex.org/A5000004267,https://openalex.org/A5000005965,1
https://openalex.org/A5000004267,https://openalex.org/A5000009042,1
https://openalex.org/A5000004267,https://openalex.org/A5000010258,1
https://openalex.org/A5000004267,https://openalex.org/A5000017131,1
https://openalex.org/A5000004267,https://openalex.org/A5000027341,1
https://openalex.org/A5000004281,https://openalex.org/A5000023642,1
https://openalex.org/A5000004348,https://openalex.org/A5000015779,1
https://openalex.org/A5000004348,https://openalex.org/A5000026575,1
https://openalex.org/A5000004351,https://openalex.org/A5000013314,1
https://openalex.org/A5000004359,https://openalex.org/A5000004992,1
https://openalex.org/A5000004359,https://openalex.org/A5000005965,1
https://openalex.org/A5000004359,https://openalex.org/A5000013222,1
https://openalex.org/A5000004359,https://openalex.org/A5000019078,1
https://openalex.org/A5000004359,https://openalex.org/A5000027341,1
https://openalex.org/A5000004388,https://openalex.org/A5000013420,1
https://openalex.org/A5000004411,https://openalex.org/A5000011502,1
https://openalex.org/A5000004447,https://openalex.org/A5000016037,1
https://openalex.org/A5000004447,https://openalex.org/A5000024088,1
https://openalex.org/A5000004485,https://openalex.org/A5000014419,1
https://openalex.org/A5000004485,https://openalex.org/A5000017465,1
https://openalex.org/A5000004485,https://openalex.org/A5000020923,1
https://openalex.org/A5000004672,https://openalex.org/A5000017405,1
https://openalex.org/A5000004690,https://openalex.org/A5000025186,1
https://openalex.org/A5000004692,https://openalex.org/A5000023174,1
https://openalex.org/A5000004697,https://openalex.org/A5000008693,1
https://openalex.org/A5000004697,https://openalex.org/A5000016341,1
https://openalex.org/A5000004733,https://openalex.org/A5000007353,1
https://openalex.org/A5000004733,https://openalex.org/A5000011215,1
https://openalex.org/A5000004733,https://openalex.org/A5000017748,1
https://openalex.org/A5000004777,https://openalex.org/A5000022808,1
https://openalex.org/A5000004812,https://openalex.org/A5000011215,1
https://openalex.org/A5000004812,https://openalex.org/A5000017748,1
https://openalex.org/A5000004812,https://openalex.org/A5000023959,1
https://openalex.org/A5000004818,https://openalex.org/A5000009355,1
https://openalex.org/A5000004818,https://openalex.org/A5000017624,1
https://openalex.org/A5000004818,https://openalex.org/A5000023532,1
https://openalex.org/A5000004818,https://openalex.org/A5000024142,1
https://openalex.org/A5000004818,https://openalex.org/A5000024533,1
https://openalex.org/A5000004821,https://openalex.org/A5000008453,1
https://openalex.org/A5000004821,https://openalex.org/A5000020357,1
https://openalex.org/A5000004889,https://openalex.org/A5000019797,1
https://openalex.org/A5000004904,https://openalex.org/A5000016519,1
https://openalex.org/A5000004905,https://openalex.org/A5000016348,1
https://openalex.org/A5000004917,https://openalex.org/A5000011321,1
https://openalex.org/A5000004917,https://openalex.org/A5000013085,1
https://openalex.org/A5000004992,https://openalex.org/A5000005965,1
https://openalex.org/A5000004992,https://openalex.org/A5000008737,1
https://openalex.org/A5000004992,https://openalex.org/A5000010430,1
https://openalex.org/A5000004992,https://openalex.org/A5000013222,1
https://openalex.org/A5000004992,https://openalex.org/A5000014800,1
https://openalex.org/A5000004992,https://openalex.org/A5000019078,1
https://openalex.org/A5000004992,https://openalex.org/A5000027341,1
https://openalex.org/A5000005051,https://openalex.org/A5000024927,1
https://openalex.org/A5000005143,https://openalex.org/A5000014057,1
https://openalex.org/A5000005143,https://openalex.org/A5000020372,1
https://openalex.org/A5000005154,https://openalex.org/A5000020382,1
https://openalex.org/A5000005165,https://openalex.org/A5000026040,1
https://openalex.org/A5000005165,https://openalex.org/A5000026163,1
https://openalex.org/A5000005186,https://openalex.org/A5000006851,1
https://openalex.org/A5000005237,https://openalex.org/A5000009804,1
https://openalex.org/A5000005237,https://openalex.org/A5000025412,1
https://openalex.org/A5000005311,https://openalex.org/A5000017440,1
https://openalex.org/A5000005407,https://openalex.org/A5000018894,1
https://openalex.org/A5000005424,https://openalex.org/A5000012464,1
https://openalex.org/A5000005424,https://openalex.org/A5000018693,1
https://openalex.org/A5000005427,https://openalex.org/A5000023881,1
https://openalex.org/A5000005456,https://openalex.org/A5000006982,1
https://openalex.org/A5000005456,https://openalex.org/A5000009577,1
https://openalex.org/A5000005456,https://openalex.org/A5000010047,1
https://openalex.org/A5000005456,https://openalex.org/A5000012067,1
https://openalex.org/A5000005456,https://openalex.org/A5000014182,1
https://openalex.org/A5000005480,https://openalex.org/A5000008992,1
https://openalex.org/A5000005563,https://openalex.org/A5000024299,1
https://openalex.org/A5000005599,https://openalex.org/A5000008737,1
https://openalex.org/A5000005599,https://openalex.org/A5000009042,1
https://openalex.org/A5000005599,https://openalex.org/A5000010258,1
https://openalex.org/A5000005644,https://openalex.org/A5000013986,1
https://openalex.org/A5000005644,https://openalex.org/A5000017624,1
https://openalex.org/A5000005666,https://openalex.org/A5000024411,1
https://openalex.org/A5000005685,https://openalex.org/A5000006779,1
https://openalex.org/A5000005685,https://openalex.org/A5000010777,1
https://openalex.org/A5000005685,https://openalex.org/A5000011036,1
https://openalex.org/A5000005685,https://openalex.org/A5000026020,1
https://openalex.org/A5000005763,https://openalex.org/A5000023869,1
https://openalex.org/A5000005767,https://openalex.org/A5000016341,1
https://openalex.org/A5000005767,https://openalex.org/A5000017580,1
https://openalex.org/A5000005767,https://openalex.org/A5000025280,1
https://openalex.org/A5000005767,https://openalex.org/A5000025321,1
https://openalex.org/A5000005767,https://openalex.org/A5000026055,1
https://openalex.org/A5000005810,https://openalex.org/A5000016659,1
https://openalex.org/A5000005833,https://openalex.org/A5000011724,1
https://openalex.org/A5000005883,https://openalex.org/A5000020632,1
https://openalex.org/A5000005883,https://openalex.org/A5000023954,1
https://openalex.org/A5000005883,https://openalex.org/A5000026897,1
https://openalex.org/A5000005965,https://openalex.org/A5000013222,1
https://openalex.org/A5000005965,https://openalex.org/A5000016975,1
https://openalex.org/A5000005965,https://openalex.org/A5000019078,1
https://openalex.org/A5000005965,https://openalex.org/A5000027341,1
https://openalex.org/A5000006006,https://openalex.org/A5000023792,1
https://openalex.org/A5000006121,https://openalex.org/A5000010696,1
https://openalex.org/A5000006121,https://openalex.org/A5000011795,1
https://openalex.org/A5000006121,https://openalex.org/A5000020746,1
https://openalex.org/A5000006175,https://openalex.org/A5000014369,1
https://openalex.org/A5000006200,https://openalex.org/A5000006407,1
https://openalex.org/A5000006201,https://openalex.org/A5000007719,1
https://openalex.org/A5000006236,https://openalex.org/A5000025498,1
https://openalex.org/A5000006263,https://openalex.org/A5000020804,1
https://openalex.org/A5000006445,https://openalex.org/A5000017836,1
https://openalex.org/A5000006463,https://openalex.org/A5000013869,1
https://openalex.org/A5000006463,https://openalex.org/A5000023954,1
https://openalex.org/A5000006493,https://openalex.org/A5000009399,1
https://openalex.org/A5000006659,https://openalex.org/A5000007285,1
https://openalex.org/A5000006659,https://openalex.org/A5000026796,1
https://openalex.org/A5000006675,https://openalex.org/A5000012414,1
https://openalex.org/A5000006709,https://openalex.org/A5000008256,1
https://openalex.org/A5000006709,https://openalex.org/A5000010191,1
https://openalex.org/A5000006709,https://openalex.org/A5000016680,1
https://openalex.org/A5000006709,https://openalex.org/A5000017580,1
https://openalex.org/A5000006709,https://openalex.org/A5000023706,1
https://openalex.org/A5000006709,https://openalex.org/A5000025280,1
https://openalex.org/A5000006709,https://openalex.org/A5000025321,1
https://openalex.org/A5000006709,https://openalex.org/A5000026055,1
https://openalex.org/A5000006851,https://openalex.org/A5000021119,1
https://openalex.org/A5000006851,https://openalex.org/A5000022585,1
https://openalex.org/A5000006851,https://openalex.org/A5000024272,1
https://openalex.org/A5000006851,https://openalex.org/A5000024772,1
https://openalex.org/A5000006851,https://openalex.org/A5000025780,1
https://openalex.org/A5000006874,https://openalex.org/A5000007459,1
https://openalex.org/A5000006932,https://openalex.org/A5000022394,1
https://openalex.org/A5000006982,https://openalex.org/A5000014182,1
https://openalex.org/A5000006984,https://openalex.org/A5000024602,1
https://openalex.org/A5000006984,https://openalex.org/A5000025750,1
https://openalex.org/A5000007047,https://openalex.org/A5000009093,1
https://openalex.org/A5000007047,https://openalex.org/A5000009840,1
https://openalex.org/A5000007104,https://openalex.org/A5000007572,1
https://openalex.org/A5000007104,https://openalex.org/A5000007646,1
https://openalex.org/A5000007104,https://openalex.org/A5000007716,1
https://openalex.org/A5000007104,https://openalex.org/A5000008255,1
https://openalex.org/A5000007104,https://openalex.org/A5000010200,1
https://openalex.org/A5000007104,https://openalex.org/A5000013143,1
https://openalex.org/A5000007104,https://openalex.org/A5000016239,1
https://openalex.org/A5000007104,https://openalex.org/A5000017573,1
https://openalex.org/A5000007104,https://openalex.org/A5000019546,1
https://openalex.org/A5000007104,https://openalex.org/A5000023992,1
https://openalex.org/A5000007149,https://openalex.org/A5000011409,1
https://openalex.org/A5000007197,https://openalex.org/A5000026020,1
https://openalex.org/A5000007197,https://openalex.org/A5000026040,1
https://openalex.org/A5000007197,https://openalex.org/A5000026221,1
https://openalex.org/A5000007203,https://openalex.org/A5000010963,1
https://openalex.org/A5000007203,https://openalex.org/A5000017211,1
https://openalex.org/A5000007203,https://openalex.org/A5000022680,1
https://openalex.org/A5000007224,https://openalex.org/A5000016006,1
https://openalex.org/A5000007285,https://openalex.org/A5000008566,1
https://openalex.org/A5000007285,https://openalex.org/A5000016428,1
https://openalex.org/A5000007285,https://openalex.org/A5000024670,1
https://openalex.org/A5000007285,https://openalex.org/A5000025897,1
https://openalex.org/A5000007285,https://openalex.org/A5000026560,1
https://openalex.org/A5000007285,https://openalex.org/A5000026796,1
https://openalex.org/A5000007285,https://openalex.org/A5000027242,1
https://openalex.org/A5000007459,https://openalex.org/A5000013112,1
https://openalex.org/A5000007459,https://openalex.org/A5000026609,1
https://openalex.org/A5000007572,https://openalex.org/A5000007646,1
https://openalex.org/A5000007572,https://openalex.org/A5000007716,1
https://openalex.org/A5000007572,https://openalex.org/A5000008255,1
https://openalex.org/A5000007572,https://openalex.org/A5000010200,1
https://openalex.org/A5000007572,https://openalex.org/A5000016239,1
https://openalex.org/A5000007572,https://openalex.org/A5000017573,1
https://openalex.org/A5000007572,https://openalex.org/A5000019546,1
https://openalex.org/A5000007646,https://openalex.org/A5000007716,1
https://openalex.org/A5000007646,https://openalex.org/A5000016239,1
https://openalex.org/A5000007646,https://openalex.org/A5000017573,1
https://openalex.org/A5000007646,https://openalex.org/A5000019546,1
https://openalex.org/A5000007716,https://openalex.org/A5000008255,1
https://openalex.org/A5000007716,https://openalex.org/A5000010200,1
https://openalex.org/A5000007716,https://openalex.org/A5000016239,1
https://openalex.org/A5000007716,https://openalex.org/A5000017573,1
https://openalex.org/A5000007716,https://openalex.org/A5000019546,1
https://openalex.org/A5000007716,https://openalex.org/A5000023992,1
https://openalex.org/A5000007728,https://openalex.org/A5000026040,1
https://openalex.org/A5000007854,https://openalex.org/A5000009840,1
https://openalex.org/A5000007854,https://openalex.org/A5000019045,1
https://openalex.org/A5000007854,https://openalex.org/A5000022107,1
https://openalex.org/A5000007995,https://openalex.org/A5000008603,1
https://openalex.org/A5000007995,https://openalex.org/A5000014078,1
https://openalex.org/A5000007995,https://openalex.org/A5000022799,1
https://openalex.org/A5000007995,https://openalex.org/A5000024828,1
https://openalex.org/A5000007995,https://openalex.org/A5000025767,1
https://openalex.org/A5000008117,https://openalex.org/A5000015311,1
https://openalex.org/A5000008118,https://openalex.org/A5000012122,1
https://openalex.org/A5000008118,https://openalex.org/A5000020372,1
https://openalex.org/A5000008136,https://openalex.org/A5000016161,1
https://openalex.org/A5000008138,https://openalex.org/A5000010723,1
https://openalex.org/A5000008138,https://openalex.org/A5000017329,1
https://openalex.org/A5000008208,https://openalex.org/A5000027242,1
https://openalex.org/A5000008255,https://openalex.org/A5000010200,1
https://openalex.org/A5000008255,https://openalex.org/A5000016239,1
https://openalex.org/A5000008255,https://openalex.org/A5000017573,1
https://openalex.org/A5000008255,https://openalex.org/A5000019546,1
https://openalex.org/A5000008256,https://openalex.org/A5000014339,1
https://openalex.org/A5000008256,https://openalex.org/A5000016341,1
https://openalex.org/A5000008256,https://openalex.org/A5000017580,1
https://openalex.org/A5000008256,https://openalex.org/A5000020938,1
https://openalex.org/A5000008366,https://openalex.org/A5000014442,1
https://openalex.org/A5000008366,https://openalex.org/A5000016946,1
https://openalex.org/A5000008366,https://openalex.org/A5000019509,1
https://openalex.org/A5000008366,https://openalex.org/A5000020633,1
https://openalex.org/A5000008366,https://openalex.org/A5000024855,1
https://openalex.org/A5000008388,https://openalex.org/A5000018061,1
https://openalex.org/A5000008411,https://openalex.org/A5000022986,1
https://openalex.org/A5000008453,https://openalex.org/A5000013869,1
https://openalex.org/A5000008557,https://openalex.org/A5000012108,1
https://openalex.org/A5000008566,https://openalex.org/A5000026796,1
https://openalex.org/A5000008566,https://openalex.org/A5000027242,1
https://openalex.org/A5000008579,https://openalex.org/A5000013478,1
https://openalex.org/A5000008579,https://openalex.org/A5000024018,1
https://openalex.org/A5000008603,https://openalex.org/A5000014078,1
https://openalex.org/A5000008603,https://openalex.org/A5000022799,1
https://openalex.org/A5000008603,https://openalex.org/A5000024828,1
https://openalex.org/A5000008603,https://openalex.org/A5000025767,1
https://openalex.org/A5000008614,https://openalex.org/A5000014990,1
https://openalex.org/A5000008634,https://openalex.org/A5000019126,1
https://openalex.org/A5000008634,https://openalex.org/A5000024811,1
https://openalex.org/A5000008693,https://openalex.org/A5000017580,1
https://openalex.org/A5000008693,https://openalex.org/A5000023706,1
https://openalex.org/A5000008730,https://openalex.org/A5000017121,1
https://openalex.org/A5000008730,https://openalex.org/A5000020983,1
https://openalex.org/A5000008737,https://openalex.org/A5000010258,1
https://openalex.org/A5000008737,https://openalex.org/A5000017131,1
https://openalex.org/A5000008737,https://openalex.org/A5000023134,1
https://openalex.org/A5000008774,https://openalex.org/A5000012839,1
https://openalex.org/A5000008774,https://openalex.org/A5000015690,1
https://openalex.org/A5000008774,https://openalex.org/A5000023099,1
https://openalex.org/A5000008774,https://openalex.org/A5000027314,1
https://openalex.org/A5000008855,https://openalex.org/A5000026575,1
https://openalex.org/A5000008873,https://openalex.org/A5000025219,1
https://openalex.org/A5000008992,https://openalex.org/A5000025502,1
https://openalex.org/A5000008992,https://openalex.org/A5000027274,1
https://openalex.org/A5000009042,https://openalex.org/A5000010258,1
https://openalex.org/A5000009042,https://openalex.org/A5000017131,1
https://openalex.org/A5000009042,https://openalex.org/A5000017490,1
https://openalex.org/A5000009056,https://openalex.org/A5000014442,1
https://openalex.org/A5000009056,https://openalex.org/A5000016946,1
https://openalex.org/A5000009087,https://openalex.org/A5000022081,1
https://openalex.org/A5000009093,https://openalex.org/A5000010209,1
https://openalex.org/A5000009217,https://openalex.org/A5000015405,1
https://openalex.org/A5000009332,https://openalex.org/A5000012096,1
https://openalex.org/A5000009350,https://openalex.org/A5000013112,1
https://openalex.org/A5000009350,https://openalex.org/A5000026609,1
https://openalex.org/A5000009355,https://openalex.org/A5000013986,1
https://openalex.org/A5000009355,https://openalex.org/A5000017624,1
https://openalex.org/A5000009355,https://openalex.org/A5000023532,1
https://openalex.org/A5000009355,https://openalex.org/A5000024142,1
https://openalex.org/A5000009355,https://openalex.org/A5000024533,1
https://openalex.org/A5000009376,https://openalex.org/A5000014956,1
https://openalex.org/A5000009376,https://openalex.org/A5000023862,1
https://openalex.org/A5000009376,https://openalex.org/A5000024586,1
https://openalex.org/A5000009509,https://openalex.org/A5000011386,1
https://openalex.org/A5000009509,https://openalex.org/A5000020146,1
https://openalex.org/A5000009509,https://openalex.org/A5000025743,1
https://openalex.org/A5000009577,https://openalex.org/A5000014182,1
https://openalex.org/A5000009677,https://openalex.org/A5000015690,1
https://openalex.org/A5000009710,https://openalex.org/A5000019783,1
https://openalex.org/A5000009754,https://openalex.org/A5000020146,1
https://openalex.org/A5000009754,https://openalex.org/A5000026214,1
https://openalex.org/A5000009780,https://openalex.org/A5000019172,1
https://openalex.org/A5000009780,https://openalex.org/A5000024602,1
https://openalex.org/A5000009804,https://openalex.org/A5000025357,1
https://openalex.org/A5000009840,https://openalex.org/A5000016207,1
https://openalex.org/A5000009897,https://openalex.org/A5000013112,1
https://openalex.org/A5000009912,https://openalex.org/A5000016161,1
https://openalex.org/A5000009912,https://openalex.org/A5000019395,1
https://openalex.org/A5000009959,https://openalex.org/A5000020585,1
https://openalex.org/A5000009965,https://openalex.org/A5000025339,1
https://openalex.org/A5000010047,https://openalex.org/A5000012067,1
https://openalex.org/A5000010060,https://openalex.org/A5000016519,1
https://openalex.org/A5000010191,https://openalex.org/A5000014339,1
https://openalex.org/A5000010191,https://openalex.org/A5000016680,1
https://openalex.org/A5000010191,https://openalex.org/A5000017580,1
https://openalex.org/A5000010191,https://openalex.org/A5000025280,1
https://openalex.org/A5000010191,https://openalex.org/A5000025321,1
https://openalex.org/A5000010200,https://openalex.org/A5000016239,1
https://openalex.org/A5000010200,https://openalex.org/A5000017573,1
https://openalex.org/A5000010200,https://openalex.org/A5000019546,1
https://openalex.org/A5000010200,https://openalex.org/A5000023992,1
https://openalex.org/A5000010243,https://openalex.org/A5000011086,1
https://openalex.org/A5000010258,https://openalex.org/A5000017023,1
https://openalex.org/A5000010258,https://openalex.org/A5000017131,1
https://openalex.org/A5000010321,https://openalex.org/A5000022711,1
https://openalex.org/A5000010327,https://openalex.org/A5000020931,1
https://openalex.org/A5000010327,https://openalex.org/A5000023862,1
https://openalex.org/A5000010622,https://openalex.org/A5000026580,1
https://openalex.org/A5000010665,https://openalex.org/A5000013721,1
https://openalex.org/A5000010665,https://openalex.org/A5000024649,1
https://openalex.org/A5000010696,https://openalex.org/A5000017624,1
https://openalex.org/A5000010696,https://openalex.org/A5000023532,1
https://openalex.org/A5000010710,https://openalex.org/A5000016378,1
https://openalex.org/A5000010963,https://openalex.org/A5000022680,1
https://openalex.org/A5000011036,https://openalex.org/A5000026020,1
https://openalex.org/A5000011090,https://openalex.org/A5000021176,1
https://openalex.org/A5000011170,https://openalex.org/A5000013074,1
https://openalex.org/A5000011170,https://openalex.org/A5000021537,1
https://openalex.org/A5000011187,https://openalex.org/A5000019820,1
https://openalex.org/A5000011187,https://openalex.org/A5000020938,1
https://openalex.org/A5000011215,https://openalex.org/A5000017748,1
https://openalex.org/A5000011321,https://openalex.org/A5000013085,1
https://openalex.org/A5000011321,https://openalex.org/A5000014259,1
https://openalex.org/A5000011321,https://openalex.org/A5000020372,1
https://openalex.org/A5000011321,https://openalex.org/A5000022986,1
https://openalex.org/A5000011394,https://openalex.org/A5000014138,1
https://openalex.org/A5000011394,https://openalex.org/A5000016004,1
https://openalex.org/A5000011394,https://openalex.org/A5000022427,1
https://openalex.org/A5000011549,https://openalex.org/A5000020618,1
https://openalex.org/A5000011696,https://openalex.org/A5000022394,1
https://openalex.org/A5000011724,https://openalex.org/A5000012067,1
https://openalex.org/A5000011795,https://openalex.org/A5000015678,1
https://openalex.org/A5000011893,https://openalex.org/A5000012811,1
https://openalex.org/A5000011997,https://openalex.org/A5000015084,1
https://openalex.org/A5000011997,https://openalex.org/A5000018947,1
https://openalex.org/A5000011998,https://openalex.org/A5000013852,1
https://openalex.org/A5000011998,https://openalex.org/A5000023134,1
https://openalex.org/A5000012067,https://openalex.org/A5000014182,1
https://openalex.org/A5000012096,https://openalex.org/A5000025743,1
https://openalex.org/A5000012122,https://openalex.org/A5000014259,1
https://openalex.org/A5000012258,https://openalex.org/A5000020844,1
https://openalex.org/A5000012326,https://openalex.org/A5000022585,1
https://openalex.org/A5000012493,https://openalex.org/A5000017772,1
https://openalex.org/A5000012539,https://openalex.org/A5000014339,1
https://openalex.org/A5000012539,https://openalex.org/A5000016341,1
https://openalex.org/A5000012539,https://openalex.org/A5000025321,1
https://openalex.org/A5000012620,https://openalex.org/A5000016339,1
https://openalex.org/A5000012639,https://openalex.org/A5000021475,1
https://openalex.org/A5000012839,https://openalex.org/A5000013965,1
https://openalex.org/A5000012839,https://openalex.org/A5000015690,1
https://openalex.org/A5000012839,https://openalex.org/A5000023099,1
https://openalex.org/A5000012839,https://openalex.org/A5000027314,1
https://openalex.org/A5000012849,https://openalex.org/A5000022343,1
https://openalex.org/A5000012899,https://openalex.org/A5000016456,1
https://openalex.org/A5000013015,https://openalex.org/A5000013567,1
https://openalex.org/A5000013015,https://openalex.org/A5000021330,1
https://openalex.org/A5000013085,https://openalex.org/A5000022986,1
https://openalex.org/A5000013143,https://openalex.org/A5000014138,1
https://openalex.org/A5000013168,https://openalex.org/A5000023134,1
https://openalex.org/A5000013222,https://openalex.org/A5000016975,1
https://openalex.org/A5000013222,https://openalex.org/A5000019078,1
https://openalex.org/A5000013222,https://openalex.org/A5000027341,1
https://openalex.org/A5000013420,https://openalex.org/A5000017106,1
https://openalex.org/A5000013421,https://openalex.org/A5000024533,1
https://openalex.org/A5000013421,https://openalex.org/A5000025780,1
https://openalex.org/A5000013478,https://openalex.org/A5000021119,1
https://openalex.org/A5000013502,https://openalex.org/A5000017062,1
https://openalex.org/A5000013515,https://openalex.org/A5000017207,1
https://openalex.org/A5000013554,https://openalex.org/A5000016006,1
https://openalex.org/A5000013664,https://openalex.org/A5000024644,1
https://openalex.org/A5000013721,https://openalex.org/A5000024649,1
https://openalex.org/A5000013965,https://openalex.org/A5000019797,1
https://openalex.org/A5000013986,https://openalex.org/A5000017624,1
https://openalex.org/A5000013986,https://openalex.org/A5000024142,1
https://openalex.org/A5000013986,https://openalex.org/A5000024533,1
https://openalex.org/A5000014078,https://openalex.org/A5000025767,1
https://openalex.org/A5000014182,https://openalex.org/A5000027052,1
https://openalex.org/A5000014210,https://openalex.org/A5000023033,1
https://openalex.org/A5000014259,https://openalex.org/A5000021823,1
https://openalex.org/A5000014259,https://openalex.org/A5000022986,1
https://openalex.org/A5000014311,https://openalex.org/A5000025339,1
https://openalex.org/A5000014339,https://openalex.org/A5000016341,1
https://openalex.org/A5000014339,https://openalex.org/A5000020938,1
https://openalex.org/A5000014339,https://openalex.org/A5000025321,1
https://openalex.org/A5000014363,https://openalex.org/A5000020581,1
https://openalex.org/A5000014363,https://openalex.org/A5000022094,1
https://openalex.org/A5000014442,https://openalex.org/A5000016946,1
https://openalex.org/A5000014442,https://openalex.org/A5000019509,1
https://openalex.org/A5000014827,https://openalex.org/A5000026131,1
https://openalex.org/A5000014841,https://openalex.org/A5000018515,1
https://openalex.org/A5000014890,https://openalex.org/A5000014963,1
https://openalex.org/A5000014956,https://openalex.org/A5000020931,1
https://openalex.org/A5000014956,https://openalex.org/A5000023862,1
https://openalex.org/A5000014956,https://openalex.org/A5000024586,1
https://openalex.org/A5000014963,https://openalex.org/A5000026575,1
https://openalex.org/A5000014967,https://openalex.org/A5000018891,1
https://openalex.org/A5000014978,https://openalex.org/A5000022986,1
https://openalex.org/A5000014989,https://openalex.org/A5000016239,1
https://openalex.org/A5000014989,https://openalex.org/A5000017573,1
https://openalex.org/A5000014990,https://openalex.org/A5000016925,1
https://openalex.org/A5000015058,https://openalex.org/A5000022848,1
https://openalex.org/A5000015084,https://openalex.org/A5000025030,1
https://openalex.org/A5000015216,https://openalex.org/A5000026546,1
https://openalex.org/A5000015311,https://openalex.org/A5000017772,1
https://openalex.org/A5000015582,https://openalex.org/A5000024670,1
https://openalex.org/A5000015591,https://openalex.org/A5000020588,1
https://openalex.org/A5000015591,https://openalex.org/A5000021171,1
https://openalex.org/A5000015690,https://openalex.org/A5000023099,1
https://openalex.org/A5000015690,https://openalex.org/A5000027314,1
https://openalex.org/A5000015779,https://openalex.org/A5000016082,1
https://openalex.org/A5000015799,https://openalex.org/A5000024290,1
https://openalex.org/A5000015799,https://openalex.org/A5000027344,1
https://openalex.org/A5000015914,https://openalex.org/A5000020618,1
https://openalex.org/A5000015941,https://openalex.org/A5000020561,1
https://openalex.org/A5000016004,https://openalex.org/A5000022427,1
https://openalex.org/A5000016082,https://openalex.org/A5000021097,1
https://openalex.org/A5000016138,https://openalex.org/A5000022408,1
https://openalex.org/A5000016207,https://openalex.org/A5000022343,1
https://openalex.org/A5000016239,https://openalex.org/A5000017573,1
https://openalex.org/A5000016239,https://openalex.org/A5000019546,1
https://openalex.org/A5000016239,https://openalex.org/A5000023992,1
https://openalex.org/A5000016341,https://openalex.org/A5000017580,1
https://openalex.org/A5000016341,https://openalex.org/A5000020938,1
https://openalex.org/A5000016428,https://openalex.org/A5000025897,1
https://openalex.org/A5000016428,https://openalex.org/A5000026796,1
https://openalex.org/A5000016456,https://openalex.org/A5000021289,1
https://openalex.org/A5000016519,https://openalex.org/A5000025071,1
https://openalex.org/A5000016549,https://openalex.org/A5000024660,1
https://openalex.org/A5000016590,https://openalex.org/A5000020938,1
https://openalex.org/A5000016659,https://openalex.org/A5000023635,1
https://openalex.org/A5000016680,https://openalex.org/A5000017580,1
https://openalex.org/A5000016680,https://openalex.org/A5000023706,1
https://openalex.org/A5000016680,https://openalex.org/A5000025280,1
https://openalex.org/A5000016680,https://openalex.org/A5000025321,1
https://openalex.org/A5000016864,https://openalex.org/A5000017329,1
https://openalex.org/A5000016867,https://openalex.org/A5000017851,1
https://openalex.org/A5000016867,https://openalex.org/A5000026532,1
https://openalex.org/A5000016925,https://openalex.org/A5000017076,1
https://openalex.org/A5000016946,https://openalex.org/A5000017465,1
https://openalex.org/A5000016946,https://openalex.org/A5000019509,1
https://openalex.org/A5000016946,https://openalex.org/A5000020633,1
https://openalex.org/A5000016946,https://openalex.org/A5000024855,1
https://openalex.org/A5000016975,https://openalex.org/A5000017207,1
https://openalex.org/A5000016975,https://openalex.org/A5000019078,1
https://openalex.org/A5000016975,https://openalex.org/A5000027341,1
https://openalex.org/A5000017076,https://openalex.org/A5000022438,1
https://openalex.org/A5000017094,https://openalex.org/A5000024316,1
https://openalex.org/A5000017131,https://openalex.org/A5000019078,1
https://openalex.org/A5000017211,https://openalex.org/A5000022425,1
https://openalex.org/A5000017216,https://openalex.org/A5000023062,1
https://openalex.org/A5000017293,https://openalex.org/A5000026809,1
https://openalex.org/A5000017351,https://openalex.org/A5000025468,1
https://openalex.org/A5000017364,https://openalex.org/A5000017624,1
https://openalex.org/A5000017440,https://openalex.org/A5000020082,1
https://openalex.org/A5000017465,https://openalex.org/A5000025636,1
https://openalex.org/A5000017490,https://openalex.org/A5000019359,1
https://openalex.org/A5000017490,https://openalex.org/A5000024411,1
https://openalex.org/A5000017561,https://openalex.org/A5000023033,1
https://openalex.org/A5000017573,https://openalex.org/A5000019546,1
https://openalex.org/A5000017580,https://openalex.org/A5000020938,1
https://openalex.org/A5000017580,https://openalex.org/A5000025280,1
https://openalex.org/A5000017580,https://openalex.org/A5000026055,1
https://openalex.org/A5000017624,https://openalex.org/A5000021767,1
https://openalex.org/A5000017624,https://openalex.org/A5000023532,1
https://openalex.org/A5000017624,https://openalex.org/A5000024142,1
https://openalex.org/A5000017624,https://openalex.org/A5000024533,1
https://openalex.org/A5000017782,https://openalex.org/A5000026480,1
https://openalex.org/A5000017782,https://openalex.org/A5000026532,1
https://openalex.org/A5000018389,https://openalex.org/A5000018891,1
https://openalex.org/A5000018438,https://openalex.org/A5000018891,1
https://openalex.org/A5000018438,https://openalex.org/A5000023940,1
https://openalex.org/A5000018945,https://openalex.org/A5000023635,1
https://openalex.org/A5000018945,https://openalex.org/A5000026338,1
https://openalex.org/A5000019003,https://openalex.org/A5000025890,1
https://openalex.org/A5000019045,https://openalex.org/A5000022107,1
https://openalex.org/A5000019078,https://openalex.org/A5000027341,1
https://openalex.org/A5000019154,https://openalex.org/A5000025713,1
https://openalex.org/A5000019154,https://openalex.org/A5000026359,1
https://openalex.org/A5000019272,https://openalex.org/A5000022651,1
https://openalex.org/A5000019546,https://openalex.org/A5000023992,1
https://openalex.org/A5000019865,https://openalex.org/A5000021674,1
https://openalex.org/A5000019865,https://openalex.org/A5000024401,1
https://openalex.org/A5000019954,https://openalex.org/A5000027268,1
https://openalex.org/A5000019976,https://openalex.org/A5000024644,1
https://openalex.org/A5000020022,https://openalex.org/A5000023134,1
https://openalex.org/A5000020022,https://openalex.org/A5000026020,1
https://openalex.org/A5000020146,https://openalex.org/A5000025743,1
https://openalex.org/A5000020255,https://openalex.org/A5000022549,1
https://openalex.org/A5000020255,https://openalex.org/A5000022997,1
https://openalex.org/A5000020382,https://openalex.org/A5000023777,1
https://openalex.org/A5000020581,https://openalex.org/A5000022094,1
https://openalex.org/A5000020633,https://openalex.org/A5000024855,1
https://openalex.org/A5000020777,https://openalex.org/A5000023776,1
https://openalex.org/A5000020815,https://openalex.org/A5000022382,1
https://openalex.org/A5000020825,https://openalex.org/A5000023527,1
https://openalex.org/A5000020931,https://openalex.org/A5000023862,1
https://openalex.org/A5000020931,https://openalex.org/A5000024586,1
https://openalex.org/A5000020938,https://openalex.org/A5000026055,1
https://openalex.org/A5000021119,https://openalex.org/A5000024272,1
https://openalex.org/A5000021267,https://openalex.org/A5000025674,1
https://openalex.org/A5000021644,https://openalex.org/A5000025711,1
https://openalex.org/A5000021767,https://openalex.org/A5000023532,1
https://openalex.org/A5000021767,https://openalex.org/A5000026040,1
https://openalex.org/A5000022055,https://openalex.org/A5000023777,1
https://openalex.org/A5000022055,https://openalex.org/A5000026627,1
https://openalex.org/A5000022394,https://openalex.org/A5000023557,1
https://openalex.org/A5000022404,https://openalex.org/A5000025617,1
https://openalex.org/A5000022549,https://openalex.org/A5000023070,1
https://openalex.org/A5000022549,https://openalex.org/A5000023777,1
https://openalex.org/A5000022585,https://openalex.org/A5000023881,1
https://openalex.org/A5000022585,https://openalex.org/A5000025780,1
https://openalex.org/A5000022752,https://openalex.org/A5000024316,1
https://openalex.org/A5000022799,https://openalex.org/A5000024828,1
https://openalex.org/A5000023099,https://openalex.org/A5000027314,1
https://openalex.org/A5000023323,https://openalex.org/A5000025451,1
https://openalex.org/A5000023354,https://openalex.org/A5000024881,1
https://openalex.org/A5000023532,https://openalex.org/A5000024142,1
https://openalex.org/A5000023532,https://openalex.org/A5000024533,1
https://openalex.org/A5000023609,https://openalex.org/A5000026020,1
https://openalex.org/A5000023706,https://openalex.org/A5000025280,1
https://openalex.org/A5000023862,https://openalex.org/A5000024586,1
https://openalex.org/A5000023960,https://openalex.org/A5000024142,1
https://openalex.org/A5000024142,https://openalex.org/A5000024533,1
https://openalex.org/A5000024290,https://openalex.org/A5000027344,1
https://openalex.org/A5000024527,https://openalex.org/A5000024679,1
https://openalex.org/A5000024608,https://openalex.org/A5000026417,1
https://openalex.org/A5000024670,https://openalex.org/A5000025897,1
https://openalex.org/A5000024670,https://openalex.org/A5000026796,1
https://openalex.org/A5000024772,https://openalex.org/A5000025780,1
https://openalex.org/A5000024828,https://openalex.org/A5000025767,1
https://openalex.org/A5000025280,https://openalex.org/A5000025321,1
https://openalex.org/A5000025280,https://openalex.org/A5000026055,1
https://openalex.org/A5000025321,https://openalex.org/A5000026055,1
https://openalex.org/A5000025370,https://openalex.org/A5000026532,1
https://openalex.org/A5000025617,https://openalex.org/A5000027274,1
https://openalex.org/A5000025897,https://openalex.org/A5000026796,1
https://openalex.org/A5000026040,https://openalex.org/A5000026163,1
https://openalex.org/A5000026560,https://openalex.org/A5000026796,1
https://openalex.org/A5000026796,https://openalex.org/A5000027242,1
https://openalex.org/A5000026988,https://openalex.org/A5000027299,1
https://openalex.org/A5000004838,https://openalex.org/A5000012275,0
https://openalex.org/A5000013869,https://openalex.org/A5000005563,0
https://openalex.org/A5000004611,https://openalex.org/A5000019078,0
https://openalex.org/A5000020086,https://openalex.org/A5000022561,0
https://openalex.org/A5000002834,https://openalex.org/A5000008603,0
https://openalex.org/A5000026404,https://openalex.org/A5000001029,0
https://openalex.org/A5000007804,https://openalex.org/A5000018291,0
https://openalex.org/A5000012022,https://openalex.org/A5000016975,0
https://openalex.org/A5000010124,https://openalex.org/A5000007868,0
https://openalex.org/A5000027344,https://openalex.org/A5000023557,0
https://openalex.org/A5000000953,https://openalex.org/A5000004996,0
https://openalex.org/A5000023122,https://openalex.org/A5000020633,0
https://openalex.org/A5000021925,https://openalex.org/A5000003956,0
https://openalex.org/A5000024796,https://openalex.org/A5000026363,0
https://openalex.org/A5000015577,https://openalex.org/A5000014339,0
https://openalex.org/A5000011012,https://openalex.org/A5000024553,0
https://openalex.org/A5000023341,https://openalex.org/A5000003823,0
https://openalex.org/A5000010622,https://openalex.org/A5000022291,0
https://openalex.org/A5000004447,https://openalex.org/A5000005599,0
https://openalex.org/A5000004010,https://openalex.org/A5000025360,0
https://openalex.org/A5000017023,https://openalex.org/A5000000425,0
https://openalex.org/A5000018062,https://openalex.org/A5000011554,0
https://openalex.org/A5000004248,https://openalex.org/A5000007853,0
https://openalex.org/A5000012249,https://openalex.org/A5000016161,0
https://openalex.org/A5000006835,https://openalex.org/A5000022980,0
https://openalex.org/A5000017945,https://openalex.org/A5000006637,0
https://openalex.org/A5000012527,https://openalex.org/A5000013271,0
https://openalex.org/A5000021761,https://openalex.org/A5000020086,0
https://openalex.org/A5000005891,https://openalex.org/A5000008144,0
https://openalex.org/A5000002412,https://openalex.org/A5000014339,0
https://openalex.org/A5000024649,https://openalex.org/A5000024660,0
https://openalex.org/A5000006201,https://openalex.org/A5000020735,0
https://openalex.org/A5000022635,https://openalex.org/A5000001812,0
https://openalex.org/A5000019172,https://openalex.org/A5000016200,0
https://openalex.org/A5000015397,https://openalex.org/A5000006466,0
https://openalex.org/A5000006263,https://openalex.org/A5000009399,0
https://openalex.org/A5000002279,https://openalex.org/A5000004408,0
https://openalex.org/A5000025617,https://openalex.org/A5000020923,0
https://openalex.org/A5000023959,https://openalex.org/A5000025940,0
https://openalex.org/A5000011624,https://openalex.org/A5000017627,0
https://openalex.org/A5000002834,https://openalex.org/A5000013445,0
https://openalex.org/A5000014409,https://openalex.org/A5000007071,0
https://openalex.org/A5000000356,https://openalex.org/A5000017076,0
https://openalex.org/A5000001945,https://openalex.org/A5000014409,0
https://openalex.org/A5000019272,https://openalex.org/A5000021892,0
https://openalex.org/A5000018151,https://openalex.org/A5000016175,0
https://openalex.org/A5000021376,https://openalex.org/A5000014138,0
https://openalex.org/A5000021785,https://openalex.org/A5000000046,0
https://openalex.org/A5000000586,https://openalex.org/A5000010200,0
https://openalex.org/A5000002287,https://openalex.org/A5000010243,0
https://openalex.org/A5000002530,https://openalex.org/A5000005485,0
https://openalex.org/A5000011763,https://openalex.org/A5000024644,0
https://openalex.org/A5000007804,https://openalex.org/A5000016034,0
https://openalex.org/A5000019674,https://openalex.org/A5000024634,0
https://openalex.org/A5000024415,https://openalex.org/A5000018975,0
https://openalex.org/A5000013079,https://openalex.org/A5000010710,0
https://openalex.org/A5000000881,https://openalex.org/A5000000699,0
https://openalex.org/A5000011409,https://openalex.org/A5000025636,0
https://openalex.org/A5000026404,https://openalex.org/A5000021119,0
https://openalex.org/A5000018901,https://openalex.org/A5000006562,0
https://openalex.org/A5000009014,https://openalex.org/A5000009804,0
https://openalex.org/A5000006246,https://openalex.org/A5000001455,0
https://openalex.org/A5000024507,https://openalex.org/A5000010847,0
https://openalex.org/A5000005154,https://openalex.org/A5000023268,0
https://openalex.org/A5000021093,https://openalex.org/A5000014149,0
https://openalex.org/A5000008645,https://openalex.org/A5000002782,0
https://openalex.org/A5000013725,https://openalex.org/A5000024533,0
https://openalex.org/A5000020871,https://openalex.org/A5000005225,0
https://openalex.org/A5000007078,https://openalex.org/A5000001351,0
https://openalex.org/A5000009897,https://openalex.org/A5000011496,0
https://openalex.org/A5000011502,https://openalex.org/A5000008900,0
https://openalex.org/A5000015582,https://openalex.org/A5000017782,0
https://openalex.org/A5000006392,https://openalex.org/A5000026163,0
https://openalex.org/A5000019724,https://openalex.org/A5000000338,0
https://openalex.org/A5000015690,https://openalex.org/A5000003443,0
https://openalex.org/A5000009332,https://openalex.org/A5000013144,0
https://openalex.org/A5000009023,https://openalex.org/A5000010577,0
https://openalex.org/A5000002219,https://openalex.org/A5000017272,0
https://openalex.org/A5000013607,https://openalex.org/A5000008453,0
https://openalex.org/A5000013392,https://openalex.org/A5000002721,0
https://openalex.org/A5000013421,https://openalex.org/A5000012744,0
https://openalex.org/A5000017440,https://openalex.org/A5000015327,0
https://openalex.org/A5000000007,https://openalex.org/A5000011243,0
https://openalex.org/A5000001322,https://openalex.org/A5000013563,0
https://openalex.org/A5000009509,https://openalex.org/A5000025717,0
https://openalex.org/A5000012567,https://openalex.org/A5000003425,0
https://openalex.org/A5000004260,https://openalex.org/A5000022108,0
https://openalex.org/A5000024272,https://openalex.org/A5000026796,0
https://openalex.org/A5000005586,https://openalex.org/A5000017416,0
https://openalex.org/A5000011676,https://openalex.org/A5000023881,0
https://openalex.org/A5000017772,https://openalex.org/A5000025636,0
https://openalex.org/A5000001032,https://openalex.org/A5000018700,0
https://openalex.org/A5000017546,https://openalex.org/A5000005852,0
https://openalex.org/A5000002327,https://openalex.org/A5000004818,0
https://openalex.org/A5000017909,https://openalex.org/A5000007728,0
https://openalex.org/A5000007104,https://openalex.org/A5000022680,0
https://openalex.org/A5000001903,https://openalex.org/A5000017273,0
https://openalex.org/A5000004566,https://openalex.org/A5000016235,0
https://openalex.org/A5000024649,https://openalex.org/A5000008138,0
https://openalex.org/A5000024940,https://openalex.org/A5000020705,0
https://openalex.org/A5000017062,https://openalex.org/A5000018992,0
https://openalex.org/A5000005485,https://openalex.org/A5000023264,0
https://openalex.org/A5000024970,https://openalex.org/A5000011104,0
https://openalex.org/A5000026120,https://openalex.org/A5000007918,0
https://openalex.org/A5000000718,https://openalex.org/A5000019512,0
https://openalex.org/A5000013952,https://openalex.org/A5000027344,0
https://openalex.org/A5000006406,https://openalex.org/A5000004747,0
https://openalex.org/A5000008715,https://openalex.org/A5000010302,0
https://openalex.org/A5000021916,https://openalex.org/A5000000032,0
https://openalex.org/A5000001837,https://openalex.org/A5000022635,0
https://openalex.org/A5000007703,https://openalex.org/A5000008374,0
https://openalex.org/A5000011170,https://openalex.org/A5000020927,0
https://openalex.org/A5000005324,https://openalex.org/A5000002396,0
https://openalex.org/A5000004783,https://openalex.org/A5000006675,0
https://openalex.org/A5000017180,https://openalex.org/A5000011150,0
https://openalex.org/A5000020221,https://openalex.org/A5000007703,0
https://openalex.org/A5000024374,https://openalex.org/A5000025277,0
https://openalex.org/A5000011488,https://openalex.org/A5000001322,0
https://openalex.org/A5000014182,https://openalex.org/A5000009143,0
https://openalex.org/A5000003375,https://openalex.org/A5000027138,0
https://openalex.org/A5000017772,https://openalex.org/A5000019592,0
https://openalex.org/A5000018266,https://openalex.org/A5000001361,0
https://openalex.org/A5000004838,https://openalex.org/A5000004889,0
https://openalex.org/A5000006583,https://openalex.org/A5000013006,0
https://openalex.org/A5000012924,https://openalex.org/A5000002137,0
https://openalex.org/A5000008256,https://openalex.org/A5000014363,0
https://openalex.org/A5000024949,https://openalex.org/A5000017851,0
https://openalex.org/A5000017216,https://openalex.org/A5000015799,0
https://openalex.org/A5000001486,https://openalex.org/A5000002794,0
https://openalex.org/A5000017909,https://openalex.org/A5000023740,0
https://openalex.org/A5000002488,https://openalex.org/A5000017293,0
https://openalex.org/A5000023250,https://openalex.org/A5000024142,0
https://openalex.org/A5000020146,https://openalex.org/A5000006006,0
https://openalex.org/A5000000968,https://openalex.org/A5000009133,0
https://openalex.org/A5000016968,https://openalex.org/A5000022055,0
https://openalex.org/A5000016082,https://openalex.org/A5000016680,0
https://openalex.org/A5000018389,https://openalex.org/A5000003742,0
https://openalex.org/A5000006037,https://openalex.org/A5000015738,0
https://openalex.org/A5000019933,https://openalex.org/A5000008603,0
https://openalex.org/A5000017772,https://openalex.org/A5000021925,0
https://openalex.org/A5000012762,https://openalex.org/A5000011191,0
https://openalex.org/A5000001986,https://openalex.org/A5000001782,0
https://openalex.org/A5000010840,https://openalex.org/A5000004501,0
https://openalex.org/A5000015221,https://openalex.org/A5000026796,0
https://openalex.org/A5000002612,https://openalex.org/A5000023880,0
https://openalex.org/A5000005453,https://openalex.org/A5000002071,0
https://openalex.org/A5000005165,https://openalex.org/A5000022438,0
https://openalex.org/A5000003601,https://openalex.org/A5000025711,0
https://openalex.org/A5000025468,https://openalex.org/A5000000295,0
https://openalex.org/A5000017561,https://openalex.org/A5000000479,0
https://openalex.org/A5000008411,https://openalex.org/A5000027086,0
https://openalex.org/A5000006201,https://openalex.org/A5000011649,0
https://openalex.org/A5000020086,https://openalex.org/A5000017293,0
https://openalex.org/A5000002000,https://openalex.org/A5000020659,0
https://openalex.org/A5000004088,https://openalex.org/A5000014442,0
https://openalex.org/A5000001782,https://openalex.org/A5000018001,0
https://openalex.org/A5000008670,https://openalex.org/A5000007990,0
https://openalex.org/A5000014674,https://openalex.org/A5000002090,0
https://openalex.org/A5000011012,https://openalex.org/A5000023880,0
https://openalex.org/A5000001486,https://openalex.org/A5000001903,0
https://openalex.org/A5000024772,https://openalex.org/A5000000320,0
https://openalex.org/A5000009009,https://openalex.org/A5000000255,0
https://openalex.org/A5000026593,https://openalex.org/A5000023250,0
https://openalex.org/A5000014978,https://openalex.org/A5000001677,0
https://openalex.org/A5000016570,https://openalex.org/A5000016346,0
https://openalex.org/A5000024970,https://openalex.org/A5000026055,0
https://openalex.org/A5000014440,https://openalex.org/A5000006493,0
https://openalex.org/A5000009549,https://openalex.org/A5000006610,0
https://openalex.org/A5000010761,https://openalex.org/A5000014818,0
https://openalex.org/A5000009143,https://openalex.org/A5000012258,0
https://openalex.org/A5000001777,https://openalex.org/A5000015577,0
https://openalex.org/A5000003856,https://openalex.org/A5000026397,0
https://openalex.org/A5000009754,https://openalex.org/A5000025144,0
https://openalex.org/A5000002787,https://openalex.org/A5000008082,0
https://openalex.org/A5000018437,https://openalex.org/A5000021993,0
https://openalex.org/A5000025773,https://openalex.org/A5000018841,0
https://openalex.org/A5000012237,https://openalex.org/A5000012122,0
https://openalex.org/A5000025442,https://openalex.org/A5000025419,0
https://openalex.org/A5000019594,https://openalex.org/A5000015458,0
https://openalex.org/A5000009355,https://openalex.org/A5000008586,0
https://openalex.org/A5000018438,https://openalex.org/A5000017548,0
https://openalex.org/A5000016590,https://openalex.org/A5000011104,0
https://openalex.org/A5000012326,https://openalex.org/A5000020357,0
https://openalex.org/A5000004364,https://openalex.org/A5000006991,0
https://openalex.org/A5000005366,https://openalex.org/A5000014409,0
https://openalex.org/A5000010988,https://openalex.org/A5000002287,0
https://openalex.org/A5000018800,https://openalex.org/A5000004611,0
https://openalex.org/A5000009131,https://openalex.org/A5000013222,0
https://openalex.org/A5000000371,https://openalex.org/A5000025384,0
https://openalex.org/A5000025674,https://openalex.org/A5000005545,0
https://openalex.org/A5000007012,https://openalex.org/A5000007703,0
https://openalex.org/A5000017351,https://openalex.org/A5000019326,0
https://openalex.org/A5000013947,https://openalex.org/A5000003742,0
https://openalex.org/A5000026995,https://openalex.org/A5000027170,0
https://openalex.org/A5000014733,https://openalex.org/A5000018684,0
https://openalex.org/A5000002645,https://openalex.org/A5000022620,0
https://openalex.org/A5000017945,https://openalex.org/A5000004260,0
https://openalex.org/A5000000425,https://openalex.org/A5000008388,0
https://openalex.org/A5000000328,https://openalex.org/A5000008352,0
https://openalex.org/A5000007640,https://openalex.org/A5000010871,0
https://openalex.org/A5000014233,https://openalex.org/A5000020045,0
https://openalex.org/A5000010338,https://openalex.org/A5000016439,0
https://openalex.org/A5000021525,https://openalex.org/A5000019509,0
https://openalex.org/A5000013723,https://openalex.org/A5000001352,0
https://openalex.org/A5000010243,https://openalex.org/A5000004821,0
https://openalex.org/A5000014763,https://openalex.org/A5000007498,0
https://openalex.org/A5000003904,https://openalex.org/A5000009093,0
https://openalex.org/A5000023124,https://openalex.org/A5000006445,0
https://openalex.org/A5000023609,https://openalex.org/A5000006982,0
https://openalex.org/A5000011339,https://openalex.org/A5000021612,0
https://openalex.org/A5000016341,https://openalex.org/A5000000147,0
https://openalex.org/A5000007576,https://openalex.org/A5000004678,0
https://openalex.org/A5000000288,https://openalex.org/A5000021619,0
https://openalex.org/A5000004865,https://openalex.org/A5000008352,0
https://openalex.org/A5000021785,https://openalex.org/A5000011565,0
https://openalex.org/A5000007180,https://openalex.org/A5000003622,0
https://openalex.org/A5000017440,https://openalex.org/A5000003180,0
https://openalex.org/A5000023134,https://openalex.org/A5000014054,0
https://openalex.org/A5000011426,https://openalex.org/A5000023134,0
https://openalex.org/A5000023706,https://openalex.org/A5000001435,0
https://openalex.org/A5000002327,https://openalex.org/A5000022422,0
https://openalex.org/A5000005154,https://openalex.org/A5000019255,0
https://openalex.org/A5000000155,https://openalex.org/A5000011426,0
https://openalex.org/A5000004992,https://openalex.org/A5000023602,0
https://openalex.org/A5000020086,https://openalex.org/A5000026101,0
https://openalex.org/A5000020255,https://openalex.org/A5000025674,0
https://openalex.org/A5000006037,https://openalex.org/A5000013819,0
https://openalex.org/A5000014057,https://openalex.org/A5000017329,0
https://openalex.org/A5000020094,https://openalex.org/A5000021010,0
https://openalex.org/A5000001903,https://openalex.org/A5000011502,0
https://openalex.org/A5000021330,https://openalex.org/A5000015212,0
https://openalex.org/A5000023527,https://openalex.org/A5000016004,0
https://openalex.org/A5000011360,https://openalex.org/A5000005200,0
https://openalex.org/A5000020605,https://openalex.org/A5000001891,0
https://openalex.org/A5000012326,https://openalex.org/A5000002287,0
https://openalex.org/A5000007804,https://openalex.org/A5000025144,0
https://openalex.org/A5000003956,https://openalex.org/A5000012762,0
https://openalex.org/A5000025743,https://openalex.org/A5000000026,0
https://openalex.org/A5000012565,https://openalex.org/A5000026363,0
https://openalex.org/A5000001272,https://openalex.org/A5000017509,0
https://openalex.org/A5000001305,https://openalex.org/A5000006086,0
https://openalex.org/A5000011950,https://openalex.org/A5000024631,0
https://openalex.org/A5000000400,https://openalex.org/A5000003377,0
https://openalex.org/A5000005666,https://openalex.org/A5000000610,0
https://openalex.org/A5000010705,https://openalex.org/A5000000604,0
https://openalex.org/A5000017618,https://openalex.org/A5000012565,0
https://openalex.org/A5000011167,https://openalex.org/A5000027243,0
https://openalex.org/A5000001812,https://openalex.org/A5000018734,0
https://openalex.org/A5000019082,https://openalex.org/A5000020146,0
https://openalex.org/A5000013502,https://openalex.org/A5000018513,0
https://openalex.org/A5000027314,https://openalex.org/A5000022004,0
https://openalex.org/A5000004161,https://openalex.org/A5000003410,0
https://openalex.org/A5000000320,https://openalex.org/A5000020082,0
https://openalex.org/A5000025419,https://openalex.org/A5000008216,0
https://openalex.org/A5000027097,https://openalex.org/A5000017023,0
https://openalex.org/A5000008858,https://openalex.org/A5000006376,0
https://openalex.org/A5000023960,https://openalex.org/A5000026796,0
https://openalex.org/A5000009355,https://openalex.org/A5000018076,0
https://openalex.org/A5000009023,https://openalex.org/A5000000210,0
https://openalex.org/A5000013081,https://openalex.org/A5000015779,0
https://openalex.org/A5000019275,https://openalex.org/A5000013936,0
https://openalex.org/A5000017700,https://openalex.org/A5000007572,0
https://openalex.org/A5000024811,https://openalex.org/A5000007716,0
https://openalex.org/A5000008645,https://openalex.org/A5000005115,0
https://openalex.org/A5000005759,https://openalex.org/A5000019512,0
https://openalex.org/A5000002953,https://openalex.org/A5000009355,0
https://openalex.org/A5000015775,https://openalex.org/A5000002867,0
https://openalex.org/A5000012157,https://openalex.org/A5000000809,0
https://openalex.org/A5000010175,https://openalex.org/A5000019933,0
https://openalex.org/A5000014473,https://openalex.org/A5000025897,0
https://openalex.org/A5000006823,https://openalex.org/A5000006162,0
https://openalex.org/A5000001923,https://openalex.org/A5000002304,0
https://openalex.org/A5000002973,https://openalex.org/A5000019397,0
https://openalex.org/A5000004697,https://openalex.org/A5000014168,0
https://openalex.org/A5000016004,https://openalex.org/A5000000129,0
https://openalex.org/A5000023992,https://openalex.org/A5000005560,0
https://openalex.org/A5000022549,https://openalex.org/A5000017490,0
https://openalex.org/A5000022343,https://openalex.org/A5000013136,0
https://openalex.org/A5000007759,https://openalex.org/A5000004084,0
https://openalex.org/A5000001486,https://openalex.org/A5000017939,0
https://openalex.org/A5000004204,https://openalex.org/A5000000610,0
https://openalex.org/A5000005560,https://openalex.org/A5000000368,0
https://openalex.org/A5000013081,https://openalex.org/A5000024560,0
https://openalex.org/A5000007146,https://openalex.org/A5000005063,0
https://openalex.org/A5000017829,https://openalex.org/A5000013287,0
https://openalex.org/A5000026575,https://openalex.org/A5000007197,0
https://openalex.org/A5000000353,https://openalex.org/A5000012073,0
https://openalex.org/A5000019172,https://openalex.org/A5000011579,0
https://openalex.org/A5000009217,https://openalex.org/A5000000881,0
https://openalex.org/A5000013074,https://openalex.org/A5000018828,0
https://openalex.org/A5000005063,https://openalex.org/A5000005148,0
https://openalex.org/A5000001740,https://openalex.org/A5000006874,0
https://openalex.org/A5000009687,https://openalex.org/A5000001174,0
https://openalex.org/A5000000303,https://openalex.org/A5000021376,0
https://openalex.org/A5000019954,https://openalex.org/A5000013393,0
https://openalex.org/A5000011651,https://openalex.org/A5000006171,0
https://openalex.org/A5000026233,https://openalex.org/A5000015799,0
https://openalex.org/A5000000026,https://openalex.org/A5000010338,0
https://openalex.org/A5000012917,https://openalex.org/A5000015794,0
https://openalex.org/A5000002309,https://openalex.org/A5000011893,0
https://openalex.org/A5000014449,https://openalex.org/A5000011120,0
https://openalex.org/A5000003750,https://openalex.org/A5000006874,0
https://openalex.org/A5000019797,https://openalex.org/A5000002311,0
https://openalex.org/A5000018347,https://openalex.org/A5000023960,0
https://openalex.org/A5000000336,https://openalex.org/A5000023642,0
https://openalex.org/A5000011191,https://openalex.org/A5000023428,0
https://openalex.org/A5000027268,https://openalex.org/A5000017076,0
https://openalex.org/A5000026759,https://openalex.org/A5000027252,0
https://openalex.org/A5000009577,https://openalex.org/A5000010057,0
https://openalex.org/A5000012426,https://openalex.org/A5000023354,0
https://openalex.org/A5000002960,https://openalex.org/A5000003876,0
https://openalex.org/A5000023635,https://openalex.org/A5000010988,0
https://openalex.org/A5000006006,https://openalex.org/A5000006317,0
https://openalex.org/A5000002860,https://openalex.org/A5000008770,0
https://openalex.org/A5000013421,https://openalex.org/A5000006216,0
https://openalex.org/A5000027274,https://openalex.org/A5000000353,0
https://openalex.org/A5000001782,https://openalex.org/A5000003876,0
https://openalex.org/A5000020561,https://openalex.org/A5000010095,0
https://openalex.org/A5000023639,https://openalex.org/A5000001636,0
https://openalex.org/A5000023959,https://openalex.org/A5000012050,0
https://openalex.org/A5000005063,https://openalex.org/A5000000604,0
https://openalex.org/A5000001824,https://openalex.org/A5000024811,0
https://openalex.org/A5000006920,https://openalex.org/A5000002287,0
https://openalex.org/A5000003527,https://openalex.org/A5000018058,0
https://openalex.org/A5000008715,https://openalex.org/A5000023341,0
https://openalex.org/A5000018437,https://openalex.org/A5000026532,0
https://openalex.org/A5000000328,https://openalex.org/A5000024649,0
https://openalex.org/A5000020663,https://openalex.org/A5000008811,0
https://openalex.org/A5000025767,https://openalex.org/A5000006851,0
https://openalex.org/A5000013025,https://openalex.org/A5000002071,0
https://openalex.org/A5000009056,https://openalex.org/A5000027299,0
https://openalex.org/A5000011998,https://openalex.org/A5000026089,0
https://openalex.org/A5000011049,https://openalex.org/A5000000007,0
https://openalex.org/A5000014210,https://openalex.org/A5000026699,0
https://openalex.org/A5000027297,https://openalex.org/A5000019926,0
https://openalex.org/A5000010018,https://openalex.org/A5000004411,0
https://openalex.org/A5000026455,https://openalex.org/A5000024811,0
https://openalex.org/A5000008208,https://openalex.org/A5000012493,0
https://openalex.org/A5000003573,https://openalex.org/A5000016346,0
https://openalex.org/A5000004010,https://openalex.org/A5000018894,0
https://openalex.org/A5000009120,https://openalex.org/A5000017388,0
https://openalex.org/A5000000809,https://openalex.org/A5000004905,0
https://openalex.org/A5000014114,https://openalex.org/A5000010934,0
https://openalex.org/A5000015779,https://openalex.org/A5000023281,0
https://openalex.org/A5000007930,https://openalex.org/A5000008811,0
https://openalex.org/A5000018651,https://openalex.org/A5000027252,0
https://openalex.org/A5000006966,https://openalex.org/A5000012529,0
https://openalex.org/A5000015511,https://openalex.org/A5000017094,0
https://openalex.org/A5000025850,https://openalex.org/A5000009087,0
https://openalex.org/A5000002750,https://openalex.org/A5000012839,0
https://openalex.org/A5000013837,https://openalex.org/A5000003425,0
https://openalex.org/A5000003180,https://openalex.org/A5000022380,0
https://openalex.org/A5000024631,https://openalex.org/A5000013561,0
https://openalex.org/A5000006562,https://openalex.org/A5000017722,0
https://openalex.org/A5000024272,https://openalex.org/A5000009023,0
https://openalex.org/A5000013443,https://openalex.org/A5000002867,0
https://openalex.org/A5000009577,https://openalex.org/A5000016343,0
https://openalex.org/A5000010243,https://openalex.org/A5000001306,0
https://openalex.org/A5000014440,https://openalex.org/A5000022422,0
https://openalex.org/A5000007010,https://openalex.org/A5000021072,0
https://openalex.org/A5000025280,https://openalex.org/A5000015720,0
https://openalex.org/A5000004411,https://openalex.org/A5000024997,0
https://openalex.org/A5000015029,https://openalex.org/A5000005485,0
https://openalex.org/A5000017216,https://openalex.org/A5000005115,0
https://openalex.org/A5000025288,https://openalex.org/A5000019797,0
https://openalex.org/A5000008767,https://openalex.org/A5000024649,0
https://openalex.org/A5000008142,https://openalex.org/A5000012096,0
https://openalex.org/A5000020730,https://openalex.org/A5000000335,0
https://openalex.org/A5000020086,https://openalex.org/A5000022711,0
https://openalex.org/A5000004348,https://openalex.org/A5000015167,0
https://openalex.org/A5000021525,https://openalex.org/A5000009217,0
https://openalex.org/A5000013443,https://openalex.org/A5000018062,0
https://openalex.org/A5000003823,https://openalex.org/A5000012641,0
https://openalex.org/A5000001923,https://openalex.org/A5000006465,0
https://openalex.org/A5000004692,https://openalex.org/A5000008544,0
https://openalex.org/A5000012137,https://openalex.org/A5000021892,0
https://openalex.org/A5000006407,https://openalex.org/A5000013085,0
https://openalex.org/A5000003750,https://openalex.org/A5000004996,0
https://openalex.org/A5000016659,https://openalex.org/A5000011696,0
https://openalex.org/A5000019126,https://openalex.org/A5000010430,0
https://openalex.org/A5000010665,https://openalex.org/A5000006200,0
https://openalex.org/A5000008844,https://openalex.org/A5000027243,0
https://openalex.org/A5000010005,https://openalex.org/A5000015545,0
https://openalex.org/A5000015712,https://openalex.org/A5000005835,0
https://openalex.org/A5000025030,https://openalex.org/A5000005544,0
https://openalex.org/A5000003703,https://openalex.org/A5000010258,0
https://openalex.org/A5000009332,https://openalex.org/A5000024631,0
https://openalex.org/A5000026425,https://openalex.org/A5000000479,0
https://openalex.org/A5000001854,https://openalex.org/A5000023881,0
https://openalex.org/A5000008992,https://openalex.org/A5000014316,0
https://openalex.org/A5000026699,https://openalex.org/A5000027252,0
https://openalex.org/A5000020041,https://openalex.org/A5000023880,0
https://openalex.org/A5000006506,https://openalex.org/A5000003043,0
https://openalex.org/A5000001071,https://openalex.org/A5000004327,0
https://openalex.org/A5000007071,https://openalex.org/A5000012464,0
https://openalex.org/A5000016525,https://openalex.org/A5000020581,0
https://openalex.org/A5000007353,https://openalex.org/A5000022404,0
https://openalex.org/A5000018651,https://openalex.org/A5000027184,0
https://openalex.org/A5000003573,https://openalex.org/A5000000335,0
https://openalex.org/A5000013392,https://openalex.org/A5000019594,0
https://openalex.org/A5000017023,https://openalex.org/A5000023250,0
https://openalex.org/A5000026580,https://openalex.org/A5000022292,0
https://openalex.org/A5000006851,https://openalex.org/A5000020805,0
https://openalex.org/A5000001460,https://openalex.org/A5000003852,0
https://openalex.org/A5000012823,https://openalex.org/A5000002973,0
https://openalex.org/A5000014409,https://openalex.org/A5000004870,0
https://openalex.org/A5000017548,https://openalex.org/A5000016334,0
https://openalex.org/A5000015699,https://openalex.org/A5000013082,0
https://openalex.org/A5000024927,https://openalex.org/A5000001960,0
https://openalex.org/A5000007498,https://openalex.org/A5000013168,0
https://openalex.org/A5000001789,https://openalex.org/A5000025165,0
https://openalex.org/A5000023992,https://openalex.org/A5000006846,0
https://openalex.org/A5000008602,https://openalex.org/A5000013965,0
https://openalex.org/A5000008491,https://openalex.org/A5000026362,0
https://openalex.org/A5000007462,https://openalex.org/A5000008360,0
https://openalex.org/A5000010710,https://openalex.org/A5000019154,0
https://openalex.org/A5000001322,https://openalex.org/A5000010453,0
https://openalex.org/A5000008526,https://openalex.org/A5000009710,0
https://openalex.org/A5000010374,https://openalex.org/A5000022848,0
https://openalex.org/A5000015405,https://openalex.org/A5000021993,0
https://openalex.org/A5000010327,https://openalex.org/A5000026363,0
https://openalex.org/A5000019652,https://openalex.org/A5000015090,0
https://openalex.org/A5000008605,https://openalex.org/A5000004084,0
https://openalex.org/A5000018076,https://openalex.org/A5000002488,0
https://openalex.org/A5000015545,https://openalex.org/A5000010005,0
https://openalex.org/A5000013025,https://openalex.org/A5000008603,0
https://openalex.org/A5000002396,https://openalex.org/A5000011078,0
https://openalex.org/A5000024355,https://openalex.org/A5000011830,0
https://openalex.org/A5000014733,https://openalex.org/A5000011078,0
https://openalex.org/A5000002867,https://openalex.org/A5000026988,0
https://openalex.org/A5000008586,https://openalex.org/A5000008870,0
https://openalex.org/A5000010124,https://openalex.org/A5000014956,0
https://openalex.org/A5000005685,https://openalex.org/A5000020618,0
https://openalex.org/A5000018975,https://openalex.org/A5000026061,0
https://openalex.org/A5000025767,https://openalex.org/A5000024949,0
https://openalex.org/A5000000930,https://openalex.org/A5000016138,0
https://openalex.org/A5000003703,https://openalex.org/A5000000610,0
https://openalex.org/A5000016339,https://openalex.org/A5000022635,0
https://openalex.org/A5000024272,https://openalex.org/A5000026598,0
https://openalex.org/A5000025636,https://openalex.org/A5000009841,0
https://openalex.org/A5000003667,https://openalex.org/A5000017603,0
https://openalex.org/A5000026759,https://openalex.org/A5000015712,0
https://openalex.org/A5000007576,https://openalex.org/A5000026338,0
https://openalex.org/A5000012423,https://openalex.org/A5000012022,0
https://openalex.org/A5000018001,https://openalex.org/A5000022922,0
https://openalex.org/A5000004672,https://openalex.org/A5000004675,0
https://openalex.org/A5000015770,https://openalex.org/A5000008715,0
https://openalex.org/A5000009399,https://openalex.org/A5000019439,0
https://openalex.org/A5000013168,https://openalex.org/A5000004302,0
https://openalex.org/A5000018781,https://openalex.org/A5000000420,0
https://openalex.org/A5000004749,https://openalex.org/A5000005143,0
https://openalex.org/A5000016968,https://openalex.org/A5000004996,0
https://openalex.org/A5000004088,https://openalex.org/A5000010060,0
https://openalex.org/A5000026759,https://openalex.org/A5000005965,0
https://openalex.org/A5000011734,https://openalex.org/A5000027184,0
https://openalex.org/A5000006697,https://openalex.org/A5000003460,0
https://openalex.org/A5000009499,https://openalex.org/A5000004364,0
https://openalex.org/A5000003478,https://openalex.org/A5000004818,0
https://openalex.org/A5000024772,https://openalex.org/A5000026389,0
https://openalex.org/A5000015310,https://openalex.org/A5000006659,0
https://openalex.org/A5000020746,https://openalex.org/A5000002287,0
https://openalex.org/A5000004733,https://openalex.org/A5000023940,0
https://openalex.org/A5000012144,https://openalex.org/A5000009120,0
https://openalex.org/A5000011998,https://openalex.org/A5000019592,0
https://openalex.org/A5000002570,https://openalex.org/A5000015770,0
https://openalex.org/A5000003756,https://openalex.org/A5000011998,0
https://openalex.org/A5000010342,https://openalex.org/A5000004917,0
https://openalex.org/A5000024507,https://openalex.org/A5000008862,0
https://openalex.org/A5000001312,https://openalex.org/A5000019440,0
https://openalex.org/A5000027087,https://openalex.org/A5000016161,0
https://openalex.org/A5000021119,https://openalex.org/A5000011049,0
https://openalex.org/A5000006665,https://openalex.org/A5000001121,0
https://openalex.org/A5000003876,https://openalex.org/A5000026214,0
https://openalex.org/A5000014168,https://openalex.org/A5000004204,0
https://openalex.org/A5000009011,https://openalex.org/A5000005485,0
https://openalex.org/A5000014827,https://openalex.org/A5000024079,0
https://openalex.org/A5000004424,https://openalex.org/A5000006805,0
https://openalex.org/A5000021010,https://openalex.org/A5000001584,0
https://openalex.org/A5000020082,https://openalex.org/A5000024018,0
https://openalex.org/A5000021851,https://openalex.org/A5000005186,0
https://openalex.org/A5000001036,https://openalex.org/A5000006317,0
https://openalex.org/A5000023880,https://openalex.org/A5000013112,0
https://openalex.org/A5000024722,https://openalex.org/A5000003750,0
https://openalex.org/A5000016439,https://openalex.org/A5000007126,0
https://openalex.org/A5000002776,https://openalex.org/A5000008666,0
https://openalex.org/A5000011409,https://openalex.org/A5000022850,0
https://openalex.org/A5000016570,https://openalex.org/A5000000371,0
https://openalex.org/A5000004063,https://openalex.org/A5000012414,0
https://openalex.org/A5000016608,https://openalex.org/A5000015307,0
https://openalex.org/A5000023267,https://openalex.org/A5000004084,0
https://openalex.org/A5000006165,https://openalex.org/A5000003389,0
https://openalex.org/A5000018062,https://openalex.org/A5000018742,0
https://openalex.org/A5000015214,https://openalex.org/A5000026457,0
https://openalex.org/A5000025283,https://openalex.org/A5000011519,0
https://openalex.org/A5000005165,https://openalex.org/A5000015290,0
https://openalex.org/A5000010237,https://openalex.org/A5000000499,0
https://openalex.org/A5000023428,https://openalex.org/A5000002990,0
https://openalex.org/A5000011741,https://openalex.org/A5000027200,0
https://openalex.org/A5000025483,https://openalex.org/A5000014480,0
https://openalex.org/A5000023532,https://openalex.org/A5000005835,0
https://openalex.org/A5000023880,https://openalex.org/A5000023792,0
https://openalex.org/A5000000117,https://openalex.org/A5000012050,0
https://openalex.org/A5000004917,https://openalex.org/A5000000878,0
https://openalex.org/A5000013105,https://openalex.org/A5000021785,0
https://openalex.org/A5000026020,https://openalex.org/A5000018135,0
https://openalex.org/A5000017409,https://openalex.org/A5000025767,0
https://openalex.org/A5000020966,https://openalex.org/A5000006610,0
https://openalex.org/A5000006779,https://openalex.org/A5000018209,0
https://openalex.org/A5000019546,https://openalex.org/A5000003775,0
https://openalex.org/A5000023777,https://openalex.org/A5000024998,0
https://openalex.org/A5000019034,https://openalex.org/A5000013947,0
https://openalex.org/A5000002311,https://openalex.org/A5000019045,0
https://openalex.org/A5000016004,https://openalex.org/A5000020086,0
https://openalex.org/A5000008438,https://openalex.org/A5000023960,0
https://openalex.org/A5000010057,https://openalex.org/A5000011823,0
https://openalex.org/A5000009561,https://openalex.org/A5000025915,0
https://openalex.org/A5000027252,https://openalex.org/A5000003622,0
https://openalex.org/A5000003487,https://openalex.org/A5000022425,0
https://openalex.org/A5000009237,https://openalex.org/A5000016239,0
https://openalex.org/A5000019783,https://openalex.org/A5000018834,0
https://openalex.org/A5000002645,https://openalex.org/A5000008428,0
https://openalex.org/A5000017388,https://openalex.org/A5000011299,0
https://openalex.org/A5000008223,https://openalex.org/A5000026131,0
https://openalex.org/A5000006181,https://openalex.org/A5000002309,0
https://openalex.org/A5000014716,https://openalex.org/A5000022873,0
https://openalex.org/A5000016348,https://openalex.org/A5000002309,0
https://openalex.org/A5000025277,https://openalex.org/A5000003988,0
https://openalex.org/A5000017360,https://openalex.org/A5000012649,0
https://openalex.org/A5000006675,https://openalex.org/A5000003850,0
https://openalex.org/A5000004348,https://openalex.org/A5000002798,0
https://openalex.org/A5000009267,https://openalex.org/A5000018901,0
https://openalex.org/A5000004327,https://openalex.org/A5000020221,0
https://openalex.org/A5000010622,https://openalex.org/A5000006465,0
https://openalex.org/A5000026560,https://openalex.org/A5000023000,0
https://openalex.org/A5000000985,https://openalex.org/A5000003180,0
https://openalex.org/A5000006236,https://openalex.org/A5000002867,0
https://openalex.org/A5000025915,https://openalex.org/A5000023609,0
https://openalex.org/A5000008575,https://openalex.org/A5000024467,0
https://openalex.org/A5000024828,https://openalex.org/A5000008755,0
https://openalex.org/A5000005921,https://openalex.org/A5000007285,0
https://openalex.org/A5000002798,https://openalex.org/A5000009023,0
https://openalex.org/A5000026089,https://openalex.org/A5000000032,0
https://openalex.org/A5000020744,https://openalex.org/A5000026897,0
https://openalex.org/A5000017851,https://openalex.org/A5000018742,0
https://openalex.org/A5000006984,https://openalex.org/A5000000680,0
https://openalex.org/A5000007928,https://openalex.org/A5000003742,0
https://openalex.org/A5000003587,https://openalex.org/A5000012164,0
https://openalex.org/A5000008374,https://openalex.org/A5000009743,0
https://openalex.org/A5000006341,https://openalex.org/A5000010237,0
https://openalex.org/A5000026560,https://openalex.org/A5000014963,0
https://openalex.org/A5000022425,https://openalex.org/A5000001572,0
https://openalex.org/A5000026748,https://openalex.org/A5000011764,0
https://openalex.org/A5000023642,https://openalex.org/A5000019954,0
https://openalex.org/A5000023706,https://openalex.org/A5000020086,0
https://openalex.org/A5000004188,https://openalex.org/A5000009011,0
https://openalex.org/A5000006222,https://openalex.org/A5000018861,0
https://openalex.org/A5000022165,https://openalex.org/A5000026362,0
https://openalex.org/A5000014150,https://openalex.org/A5000011649,0
https://openalex.org/A5000024796,https://openalex.org/A5000006086,0
https://openalex.org/A5000022785,https://openalex.org/A5000007930,0
https://openalex.org/A5000019865,https://openalex.org/A5000006709,0
https://openalex.org/A5000013015,https://openalex.org/A5000022585,0
https://openalex.org/A5000023862,https://openalex.org/A5000003410,0
https://openalex.org/A5000025750,https://openalex.org/A5000025820,0
https://openalex.org/A5000025419,https://openalex.org/A5000025117,0
https://openalex.org/A5000005480,https://openalex.org/A5000024192,0
https://openalex.org/A5000020782,https://openalex.org/A5000006659,0
https://openalex.org/A5000003252,https://openalex.org/A5000015630,0
https://openalex.org/A5000020580,https://openalex.org/A5000016428,0
https://openalex.org/A5000013085,https://openalex.org/A5000003694,0
https://openalex.org/A5000003852,https://openalex.org/A5000021289,0
https://openalex.org/A5000013025,https://openalex.org/A5000022951,0
https://openalex.org/A5000002776,https://openalex.org/A5000016030,0
https://openalex.org/A5000027149,https://openalex.org/A5000018247,0
https://openalex.org/A5000009743,https://openalex.org/A5000012423,0
https://openalex.org/A5000003731,https://openalex.org/A5000008544,0
https://openalex.org/A5000020705,https://openalex.org/A5000001036,0
https://openalex.org/A5000017772,https://openalex.org/A5000020871,0
https://openalex.org/A5000022004,https://openalex.org/A5000014800,0
https://openalex.org/A5000023267,https://openalex.org/A5000021619,0
https://openalex.org/A5000022850,https://openalex.org/A5000024679,0
https://openalex.org/A5000023531,https://openalex.org/A5000006539,0
https://openalex.org/A5000021176,https://openalex.org/A5000001322,0
https://openalex.org/A5000013930,https://openalex.org/A5000009549,0
https://openalex.org/A5000005324,https://openalex.org/A5000012414,0
https://openalex.org/A5000002340,https://openalex.org/A5000008917,0
https://openalex.org/A5000020086,https://openalex.org/A5000010209,0
https://openalex.org/A5000014733,https://openalex.org/A5000006121,0
https://openalex.org/A5000022218,https://openalex.org/A5000003375,0
https://openalex.org/A5000005449,https://openalex.org/A5000027243,0
https://openalex.org/A5000017273,https://openalex.org/A5000005056,0
https://openalex.org/A5000021637,https://openalex.org/A5000012188,0
https://openalex.org/A5000009143,https://openalex.org/A5000018947,0
https://openalex.org/A5000025940,https://openalex.org/A5000016369,0
https://openalex.org/A5000008142,https://openalex.org/A5000001570,0
https://openalex.org/A5000015678,https://openalex.org/A5000002570,0
https://openalex.org/A5000008715,https://openalex.org/A5000021619,0
https://openalex.org/A5000023323,https://openalex.org/A5000016341,0
https://openalex.org/A5000013393,https://openalex.org/A5000005761,0
https://openalex.org/A5000001986,https://openalex.org/A5000020146,0
https://openalex.org/A5000025467,https://openalex.org/A5000011823,0
https://openalex.org/A5000005453,https://openalex.org/A5000010577,0
https://openalex.org/A5000019797,https://openalex.org/A5000017490,0
https://openalex.org/A5000020372,https://openalex.org/A5000012539,0
https://openalex.org/A5000000372,https://openalex.org/A5000026124,0
https://openalex.org/A5000016346,https://openalex.org/A5000001156,0
https://openalex.org/A5000021519,https://openalex.org/A5000004451,0
https://openalex.org/A5000023145,https://openalex.org/A5000010660,0
https://openalex.org/A5000027344,https://openalex.org/A5000023323,0
https://openalex.org/A5000023545,https://openalex.org/A5000001572,0
https://openalex.org/A5000017909,https://openalex.org/A5000025165,0
https://openalex.org/A5000018901,https://openalex.org/A5000014833,0
https://openalex.org/A5000002071,https://openalex.org/A5000021475,0
https://openalex.org/A5000017580,https://openalex.org/A5000005063,0
https://openalex.org/A5000026417,https://openalex.org/A5000022055,0
https://openalex.org/A5000008803,https://openalex.org/A5000027184,0
https://openalex.org/A5000004272,https://openalex.org/A5000016590,0
https://openalex.org/A5000010324,https://openalex.org/A5000018693,0
https://openalex.org/A5000010693,https://openalex.org/A5000016200,0
https://openalex.org/A5000017388,https://openalex.org/A5000001577,0
https://openalex.org/A5000013502,https://openalex.org/A5000002547,0
https://openalex.org/A5000007270,https://openalex.org/A5000016200,0
https://openalex.org/A5000004411,https://openalex.org/A5000007444,0
https://openalex.org/A5000005464,https://openalex.org/A5000017416,0
https://openalex.org/A5000003479,https://openalex.org/A5000019674,0
https://openalex.org/A5000005563,https://openalex.org/A5000002488,0
https://openalex.org/A5000004335,https://openalex.org/A5000021785,0
https://openalex.org/A5000014944,https://openalex.org/A5000000123,0
https://openalex.org/A5000008575,https://openalex.org/A5000017214,0
https://openalex.org/A5000023801,https://openalex.org/A5000024170,0
https://openalex.org/A5000012565,https://openalex.org/A5000000295,0
https://openalex.org/A5000010577,https://openalex.org/A5000005237,0
https://openalex.org/A5000010710,https://openalex.org/A5000016714,0
https://openalex.org/A5000018088,https://openalex.org/A5000019546,0
https://openalex.org/A5000022037,https://openalex.org/A5000016680,0
https://openalex.org/A5000011549,https://openalex.org/A5000010342,0
https://openalex.org/A5000011361,https://openalex.org/A5000010123,0
https://openalex.org/A5000023880,https://openalex.org/A5000004010,0
https://openalex.org/A5000021916,https://openalex.org/A5000004263,0
https://openalex.org/A5000001121,https://openalex.org/A5000006675,0
https://openalex.org/A5000002834,https://openalex.org/A5000005785,0
https://openalex.org/A5000001064,https://openalex.org/A5000010200,0
https://openalex.org/A5000024682,https://openalex.org/A5000015400,0
https://openalex.org/A5000010095,https://openalex.org/A5000001482,0
https://openalex.org/A5000026425,https://openalex.org/A5000006271,0
https://openalex.org/A5000018634,https://openalex.org/A5000026131,0
https://openalex.org/A5000007680,https://openalex.org/A5000006463,0
https://openalex.org/A5000015084,https://openalex.org/A5000003604,0
https://openalex.org/A5000020746,https://openalex.org/A5000000007,0
https://openalex.org/A5000017353,https://openalex.org/A5000011426,0
https://openalex.org/A5000013393,https://openalex.org/A5000000286,0
https://openalex.org/A5000026205,https://openalex.org/A5000026216,0
https://openalex.org/A5000016570,https://openalex.org/A5000007047,0
https://openalex.org/A5000025219,https://openalex.org/A5000026860,0
https://openalex.org/A5000021154,https://openalex.org/A5000006776,0
https://openalex.org/A5000013965,https://openalex.org/A5000011361,0
https://openalex.org/A5000001847,https://openalex.org/A5000005148,0
https://openalex.org/A5000001486,https://openalex.org/A5000012096,0
https://openalex.org/A5000026363,https://openalex.org/A5000024272,0
https://openalex.org/A5000014316,https://openalex.org/A5000009217,0
https://openalex.org/A5000000441,https://openalex.org/A5000015084,0
https://openalex.org/A5000016867,https://openalex.org/A5000017194,0
https://openalex.org/A5000018151,https://openalex.org/A5000000353,0
https://openalex.org/A5000016519,https://openalex.org/A5000023267,0
https://openalex.org/A5000018266,https://openalex.org/A5000004267,0
https://openalex.org/A5000011120,https://openalex.org/A5000014054,0
https://openalex.org/A5000006529,https://openalex.org/A5000007462,0
https://openalex.org/A5000009376,https://openalex.org/A5000011549,0
https://openalex.org/A5000025483,https://openalex.org/A5000002994,0
https://openalex.org/A5000011950,https://openalex.org/A5000016659,0
https://openalex.org/A5000016369,https://openalex.org/A5000019359,0
https://openalex.org/A5000002547,https://openalex.org/A5000006637,0
https://openalex.org/A5000012719,https://openalex.org/A5000004690,0
https://openalex.org/A5000009335,https://openalex.org/A5000008216,0
https://openalex.org/A5000004821,https://openalex.org/A5000006194,0
https://openalex.org/A5000004077,https://openalex.org/A5000014890,0
https://openalex.org/A5000026404,https://openalex.org/A5000011997,0
https://openalex.org/A5000024299,https://openalex.org/A5000013392,0
https://openalex.org/A5000026359,https://openalex.org/A5000000288,0
https://openalex.org/A5000026598,https://openalex.org/A5000007010,0
https://openalex.org/A5000009804,https://openalex.org/A5000002396,0
https://openalex.org/A5000009093,https://openalex.org/A5000003852,0
https://openalex.org/A5000006835,https://openalex.org/A5000000420,0
https://openalex.org/A5000007083,https://openalex.org/A5000008586,0
https://openalex.org/A5000017510,https://openalex.org/A5000006406,0
https://openalex.org/A5000014818,https://openalex.org/A5000012258,0
https://openalex.org/A5000000669,https://openalex.org/A5000013257,0
https://openalex.org/A5000000718,https://openalex.org/A5000020923,0
https://openalex.org/A5000022108,https://openalex.org/A5000013554,0
https://openalex.org/A5000011876,https://openalex.org/A5000004608,0
https://openalex.org/A5000006181,https://openalex.org/A5000018945,0
https://openalex.org/A5000016733,https://openalex.org/A5000001323,0
https://openalex.org/A5000023869,https://openalex.org/A5000016138,0
